"0","# Ekstrakcija koeficijenata iz modela"
"0","model_summary = summary(lr_model$finalModel)"
"0","coefs = model_summary$coefficients"
"0",""
"0","coef_df = data.frame("
"0","  Variable = rownames(coefs),"
"0","  Estimate = coefs[, 1],"
"0","  Std_Error = coefs[, 2],"
"0","  t_value = coefs[, 3],"
"0","  p_value = coefs[, 4]"
"0",")"
"0","rownames(coef_df) = NULL"
"0",""
"0","# Prikaz top 10 najuticajnijih prediktora po apsolutnoj vrednosti koeficijenta"
"0","coef_df %>%"
"0","  filter(Variable != ""(Intercept)"") %>%"
"0","  arrange(desc(abs(Estimate))) %>%"
"0","  head(10) %>%"
"0","  knitr::kable(caption = ""Top 10 koeficijenata linearne regresije"")"
