"0","num_engineered = c("
"0","  ""total_ad_spend"", ""online_share"", ""budget_utilization"", ""unspent_budget"", "
"0","  ""spend_per_rep"", ""spend_per_promotion"", ""budget_per_traffic"", ""log_budget"", "
"0","  ""log_traffic"", ""log_followers"", ""purchase_frequency"", ""price_advantage"", "
"0","  ""effective_discount"", ""estimated_conversions"", ""traffic_per_follower"""
"0",")"
"0","target_correlations = cor(dataset_clean[, num_engineered], dataset_clean[[target_variable]], use = ""complete.obs"")"
"0","print(target_correlations)"
"1","                     "
"1","         [,1]"
"1","
total_ad_spend       "
"1","  0.710056059"
"1","
online_share         "
"1","  0.011667296"
"1","
budget_utilization   "
"1","  0.017407035"
"1","
unspent_budget       "
"1","  0.640161722"
"1","
spend_per_rep        "
"1","  0.304261014"
"1","
spend_per_promotion  "
"1","  0.494403718"
"1","
budget_per_traffic   "
"1","  0.274839884"
"1","
log_budget           "
"1","  0.510878556"
"1","
log_traffic          "
"1","  0.007151737"
"1","
log_followers        "
"1","  0.001440236"
"1","
purchase_frequency   "
"1"," -0.027181989"
"1","
price_advantage      "
"1","  0.017223933"
"1","
effective_discount   "
"1","  0.011457837"
"1","
estimated_conversions"
"1","  0.025215368"
"1","
traffic_per_follower "
"1","  0.010337753"
"1","
"
