"0","# 1. Filtriramo samo numeričke kolone i uklanjamo 'id' ako je ostao"
"0","mcar_data = dataset %>%"
"0","  select(where(is.numeric)) %>%"
"0","  select(-any_of(""id""))"
"0",""
"0","# 2. Uzimamo reprezentativni uzorak od 5000 redova radi uštede memorije"
"0","set.seed(123)"
"0","mcar_data_sample = mcar_data %>%"
"0","  slice_sample(n = 5000)"
"0",""
"0","# 3. Pokretanje brze MICE imputacije za test"
"0","mcar_imp = mice("
"0","  mcar_data_sample,"
"0","  m = 3,"
"0","  method = ""pmm"","
"0","  maxit = 3,"
"0","  printFlag = FALSE,"
"0","  seed = 123"
"0",")"
"0",""
"0","# 4. Pokretanje MCAR testa"
"0","mcar_result = mice::mcar("
"0","  mcar_data_sample,"
"0","  imputed = mcar_imp,"
"0","  replications = 200,"
"0","  alpha = 0.05"
"0",")"
"0",""
"0","# Prikaz rezultata"
"0","mcar_result"
"1","
Missing data patterns:"
"1"," "
"1","6"
"1"," used,"
"1"," "
"1","7"
"1"," "
"1","removed."
"1","
Cases used:"
"1"," "
"1","4982"
"1"," "
"1","

"
"1","Hawkins' test: median chi^2 ("
"1",""
"1","12"
"1",""
"1",") = "
"1",""
"1","443.9613"
"1",""
"1",", median p = "
"1",""
"1","1.808305e-87"
"1","

"
"1","Anderson-Darling rank test: median T = "
"1",""
"1","4.550491"
"1",""
"1",", median p = "
"1",""
"1","0.4954958"
"1","
"
"1","
Interpretation of results:
"
"1"," "
"1","Hawkins' test is significant; if multivariate normality can be assumed, then reject the assumption that missingness is MCAR.
"
"1"," "
"1","Anderson-Darling test is not significant. There is thus evidence against multivariate normality, but not against MCAR.
"
