"0","weak_numeric = spearman_ranking$Feature[spearman_ranking$Abs_Correlation < 0.05]"
"0",""
"0","print(""Identifikovani slabi numerički prediktori:"")"
"1","[1]"
"1"," ""Identifikovani slabi numerički prediktori:"""
"1","
"
"0","print(weak_numeric)"
"1"," [1]"
"1"," ""discount_percentage""      "
"1"," ""competitor_price_index""   "
"1","
"
"1"," [3]"
"1"," ""budget_utilization""       "
"1"," ""website_traffic""          "
"1","
"
"1"," [5]"
"1"," ""days_since_last_purchase"" "
"1"," ""online_share""             "
"1","
"
"1"," [7]"
"1"," ""purchase_frequency""       "
"1"," ""num_sales_representatives"""
"1","
"
"1"," [9]"
"1"," ""customer_age""             "
"1"," ""email_open_rate""          "
"1","
"
"1","[11]"
"1"," ""social_media_followers""   "
"1","
"
