"0","ml_features_data = dataset_clean[, c(final_model_features, ""log_revenue"", ""sales_revenue_usd"")]"
"0",""
"0","print(paste(""Ukupan broj feature-a pripremljenih za modelovanje:"", length(final_model_features)))"
"1","[1]"
"1"," ""Ukupan broj feature-a pripremljenih za modelovanje: 8"""
"1","
"
"0","print(paste(""Dimenzije matrice za mašinsko učenje:"", nrow(ml_features_data), ""redova i"", ncol(ml_features_data), ""kolona""))"
"1","[1]"
"1"," ""Dimenzije matrice za mašinsko učenje: 60000 redova i 10 kolona"""
"1","
"
