"0","Q1 = quantile(dataset_clean$sales_revenue_usd, 0.25)"
"0","Q3 = quantile(dataset_clean$sales_revenue_usd, 0.75)"
"0","IQR_value = Q3 - Q1"
"0",""
"0","lower_bound = Q1 - 1.5 * IQR_value"
"0","upper_bound = Q3 + 1.5 * IQR_value"
"0",""
"0","outliers_revenue = dataset_clean$sales_revenue_usd[dataset_clean$sales_revenue_usd < lower_bound | dataset_clean$sales_revenue_usd > upper_bound]"
"0",""
"0","print(paste(""Donja granica:"", round(lower_bound, 2)))"
"1","[1]"
"1"," ""Donja granica: -3777"""
"1","
"
"0","print(paste(""Gornja granica:"", round(upper_bound, 2)))"
"1","[1]"
"1"," ""Gornja granica: 13612.81"""
"1","
"
"0","print(paste(""Broj identifikovanih outlier-a po IQR metodi:"", length(outliers_revenue)))"
"1","[1]"
"1"," ""Broj identifikovanih outlier-a po IQR metodi: 3816"""
"1","
"
"0","print(paste(""Procenat outlier-a u ukupnom skupu:"", round((length(outliers_revenue) / nrow(dataset_clean)) * 100, 2), ""%""))"
"1","[1]"
"1"," ""Procenat outlier-a u ukupnom skupu: 6.36 %"""
"1","
"
