"0","get_high_correlations = function(matrix, threshold = 0.75) {"
"0","  cor_df = as.data.frame(as.table(matrix))"
"0","  names(cor_df) = c(""Var1"", ""Var2"", ""Correlation"")"
"0","  cor_df = cor_df %>% "
"0","    filter(as.character(Var1) < as.character(Var2)) %>% "
"0","    filter(abs(Correlation) >= threshold) %>%"
"0","    arrange(desc(abs(Correlation)))"
"0","  return(cor_df)"
"0","}"
"0",""
"0","high_corr_pairs = get_high_correlations(spearman_matrix, threshold = 0.75)"
"0","print(head(high_corr_pairs, 10))"
