"0","dataset_clean$log_revenue = log(dataset_clean$sales_revenue_usd)"
"0","revenue_comparison_df = dataset_clean %>%"
"0","  select(sales_revenue_usd, log_revenue) %>%"
"0","  pivot_longer(everything(), names_to = ""Metric"", values_to = ""Value"")"
"0",""
"0","ggplot(revenue_comparison_df, aes(x = Value, fill = Metric)) +"
"0","  geom_histogram(bins = 30, color = ""#2C3E50"", alpha = 0.8, show.legend = FALSE) +"
"0","  facet_wrap(~ Metric, scales = ""free"", ncol = 2, "
"0","             labeller = labeller(Metric = c(""sales_revenue_usd"" = ""Originalni prihodi (USD)"", "
"0","                                            ""log_revenue"" = ""Logaritmovani prihodi (Log Revenue)""))) +"
"0","  theme_minimal() +"
"0","  labs(title = ""Poređenje distribucije prihoda pre i posle log-transformacije"","
"0","       x = ""Vrednost feature-a"", y = ""Frekvencija"") +"
"0","  theme(plot.title = element_text(hjust = 0.5, face = ""bold""),"
"0","        strip.text = element_text(face = ""bold"", size = 11))"
