"0","formula_full = as.formula(paste(""log_revenue ~"", paste(names(dataset_clean)[names(dataset_clean) != ""log_revenue""], collapse = "" + "")))"
"0","model_full = lm(formula_full, data = dataset_clean)"
"0",""
"0",""
"0","formula_selected = as.formula(paste(""log_revenue ~"", paste(final_features, collapse = "" + "")))"
"0","model_selected = lm(formula_selected, data = dataset_clean)"
"0",""
"0",""
"0","comparison_summary = data.frame("
"0","  Model = c(""Full Model (Svi feature-i)"", ""Selected Model (Redukovan skup)""),"
"0","  Number_of_Features = c(length(coef(model_full)) - 1, length(coef(model_selected)) - 1),"
"0","  Adjusted_R2 = c(summary(model_full)$adj.r.squared, summary(model_selected)$adj.r.squared),"
"0","  AIC = c(AIC(model_full), AIC(model_selected))"
"0",")"
"0",""
"0","print(comparison_summary)"
