"0","comparison_summary = data.frame("
"0","  Rank = 1:5,"
"0","  Random_Forest = c(""customer_segmentNew"", ""customer_segmentRegular"", ""product_categoryElectronics"", ""conversion_rate"", ""customer_segmentVIP""),"
"0","  Permutation_Importance = c(""customer_segment"", ""product_category"", ""season"", ""sales_channel"", ""num_previous_purchases"")"
"0",")"
"0",""
"0","knitr::kable("
"0","  comparison_summary,"
"0","  caption = ""Poređenje vodećih prediktora po različitim metodama značajnosti"""
"0",")"
