"0","# 1. Izračunavanje permutacione važnosti sa pred_wrapper-om"
"0","pfun = function(object, newdata) {"
"0","  predict(object, newdata = newdata)"
"0","}"
"0",""
"0","perm_imp = vi(rf_model, method = ""permute"", "
"0","               train = test_set_processed, "
"0","               target = ""log_revenue"", "
"0","               metric = ""RMSE"","
"0","               pred_wrapper = pfun)"
"0",""
"0","# 2. Ručno crtanje preko ggplot2 (zaobilazi grešku sa xlim)"
"0","ggplot(head(perm_imp, 10), aes(x = reorder(Variable, Importance), y = Importance)) +"
"0","  geom_col(fill = ""steelblue"") +"
"0","  coord_flip() +"
"0","  labs(title = ""Permutaciona važnost varijabli (Test set)"","
"0","       x = ""Varijable"","
"0","       y = ""Povećanje greške (RMSE)"") +"
"0","  theme_minimal() +"
"0","  theme(plot.title = element_text(hjust = 0.5, face = ""bold"", size = 11))"
