"0","missing_variables = c("
"0","  ""discount_percentage"","
"0","  ""customer_satisfaction_score"","
"0","  ""email_open_rate"","
"0","  ""days_since_last_purchase"""
"0",")"
"0",""
"0","op = par(mar = c(6, 5, 10, 4), cex = 0.45)"
"0",""
"0","mice::md.pattern("
"0","  dataset[, missing_variables],"
"0","  plot = TRUE,"
"0","  rotate.names = TRUE"
"0",")"
"1","     "
"1"," email_open_rate"
"1"," discount_percentage"
"1"," days_since_last_purchase"
"1","
53040"
"1","               1"
"1","                   1"
"1","                        1"
"1","
1678 "
"1","               1"
"1","                   1"
"1","                        1"
"1","
1668 "
"1","               1"
"1","                   1"
"1","                        0"
"1","
59   "
"1","               1"
"1","                   1"
"1","                        0"
"1","
1664 "
"1","               1"
"1","                   0"
"1","                        1"
"1","
51   "
"1","               1"
"1","                   0"
"1","                        1"
"1","
48   "
"1","               1"
"1","                   0"
"1","                        0"
"1","
2    "
"1","               1"
"1","                   0"
"1","                        0"
"1","
1640 "
"1","               0"
"1","                   1"
"1","                        1"
"1","
49   "
"1","               0"
"1","                   1"
"1","                        1"
"1","
54   "
"1","               0"
"1","                   1"
"1","                        0"
"1","
4    "
"1","               0"
"1","                   1"
"1","                        0"
"1","
41   "
"1","               0"
"1","                   0"
"1","                        1"
"1","
1    "
"1","               0"
"1","                   0"
"1","                        1"
"1","
1    "
"1","               0"
"1","                   0"
"1","                        0"
"1","
     "
"1","            1790"
"1","                1808"
"1","                     1836"
"1","
"
"1","     "
"1"," customer_satisfaction_score"
"1","     "
"1","
53040"
"1","                           1"
"1","    0"
"1","
1678 "
"1","                           0"
"1","    1"
"1","
1668 "
"1","                           1"
"1","    1"
"1","
59   "
"1","                           0"
"1","    2"
"1","
1664 "
"1","                           1"
"1","    1"
"1","
51   "
"1","                           0"
"1","    2"
"1","
48   "
"1","                           1"
"1","    2"
"1","
2    "
"1","                           0"
"1","    3"
"1","
1640 "
"1","                           1"
"1","    1"
"1","
49   "
"1","                           0"
"1","    2"
"1","
54   "
"1","                           1"
"1","    2"
"1","
4    "
"1","                           0"
"1","    3"
"1","
41   "
"1","                           1"
"1","    2"
"1","
1    "
"1","                           0"
"1","    3"
"1","
1    "
"1","                           1"
"1","    3"
"1","
     "
"1","                        1844"
"1"," 7278"
"1","
"
