"0","final_features = setdiff(selected_features, c(weak_numeric, weak_categorical))"
"0","print(""Konačna lista feature-a nakon statističke selekcije:"")"
"1","[1]"
"1"," ""Konačna lista feature-a nakon statističke selekcije:"""
"1","
"
"0","print(final_features)"
"1","[1]"
"1"," ""num_promotions""             "
"1"," ""customer_satisfaction_score"""
"1","
"
"1","[3]"
"1"," ""conversion_rate""            "
"1"," ""num_previous_purchases""     "
"1","
"
"1","[5]"
"1"," ""product_category""           "
"1"," ""season""                     "
"1","
"
"1","[7]"
"1"," ""customer_segment""           "
"1"," ""sales_channel""              "
"1","
"
