"0","set.seed(123)"
"0",""
"0","rf_model = randomForest(log_revenue ~ ., "
"0","                        data = dataset_clean[, c(final_features, ""log_revenue"")], "
"0","                        ntree = 150,"
"0","                        importance = TRUE)"
"0",""
"0","rf_imp = importance(rf_model, type = 1)"
"0","rf_ranking = data.frame("
"0","  Feature = rownames(rf_imp),"
"0","  Importance = round(rf_imp[, 1], 4)"
"0",")"
"0",""
"0","rf_ranking = rf_ranking[order(-rf_ranking$Importance), ]"
"0","rownames(rf_ranking) = NULL"
"0",""
"0",""
"0","print(head(rf_ranking, 10))"
