"0","split_distribution_df = bind_rows("
"0","  mutate(train_set, Split_Group = ""Train Set (80%)""),"
"0","  mutate(test_set,  Split_Group = ""Test Set (20%)"")"
"0",")"
"0",""
"0","ggplot(split_distribution_df, aes(x = log_revenue, fill = Split_Group)) +"
"0","  geom_density(alpha = 0.6, color = ""#2C3E50"") +"
"0","  theme_minimal() +"
"0","  labs(title = ""Poređenje gustine raspodele log_revenue između Train i Test seta"","
"0","       x = ""Log Revenue"","
"0","       y = ""Gustina"") +"
"0","  theme(plot.title = element_text(hjust = 0.5, face = ""bold"", size = 11),"
"0","        legend.title = element_blank())"
