"0","numeric_features = names(train_set)[sapply(train_set, is.numeric)]"
"0","numeric_features = setdiff(numeric_features, c(""log_revenue"", ""sales_revenue_usd""))"
"0",""
"0","categorical_features = names(train_set)[sapply(train_set, function(x) is.factor(x) || is.character(x))]"
"0",""
"0","print(paste(""Broj numeričkih prediktora za obradu:"", length(numeric_features)))"
"1","[1]"
"1"," ""Broj numeričkih prediktora za obradu: 4"""
"1","
"
"0","print(paste(""Broj kategorijskih prediktora za kodiranje:"", length(categorical_features)))"
"1","[1]"
"1"," ""Broj kategorijskih prediktora za kodiranje: 4"""
"1","
"
