"0","vif_model = lm(log_revenue ~ marketing_budget_usd + ad_spend_online_usd + ad_spend_offline_usd + "
"0","                 num_promotions + discount_percentage + num_sales_representatives + "
"0","                 customer_age + customer_satisfaction_score + competitor_price_index + "
"0","                 website_traffic + conversion_rate + email_open_rate + "
"0","                 social_media_followers + days_since_last_purchase + num_previous_purchases + "
"0","                 online_share + budget_utilization + purchase_frequency + "
"0","                 region + product_category + season + customer_segment + sales_channel, "
"0","               data = dataset_clean)"
"0",""
"0","# Računanje VIF-a (koristimo generalizovani VIF - GVIF koji ispravno tretira i kategorijske promenljive sa više nivoa)"
"0","vif_values = vif(vif_model)"
"0","print(""--- GVIF vrednosti za sva feature-a  ---"")"
"1","[1]"
"1"," ""--- GVIF vrednosti za sva feature-a  ---"""
"1","
"
"0","print(round(vif_values, 2))"
"1","                           "
"1","  GVIF"
"1"," Df"
"1"," GVIF^(1/(2*Df))"
"1","
marketing_budget_usd       "
"1"," 19.80"
"1","  1"
"1","            4.45"
"1","
ad_spend_online_usd        "
"1"," 13.26"
"1","  1"
"1","            3.64"
"1","
ad_spend_offline_usd       "
"1","  9.90"
"1","  1"
"1","            3.15"
"1","
num_promotions             "
"1","  1.00"
"1","  1"
"1","            1.00"
"1","
discount_percentage        "
"1","  1.00"
"1","  1"
"1","            1.00"
"1","
num_sales_representatives  "
"1","  1.00"
"1","  1"
"1","            1.00"
"1","
customer_age               "
"1","  1.00"
"1","  1"
"1","            1.00"
"1","
customer_satisfaction_score"
"1","  1.00"
"1","  1"
"1","            1.00"
"1","
competitor_price_index     "
"1","  1.00"
"1","  1"
"1","            1.00"
"1","
website_traffic            "
"1","  1.00"
"1","  1"
"1","            1.00"
"1","
conversion_rate            "
"1","  1.00"
"1","  1"
"1","            1.00"
"1","
email_open_rate            "
"1","  1.00"
"1","  1"
"1","            1.00"
"1","
social_media_followers     "
"1","  1.00"
"1","  1"
"1","            1.00"
"1","
days_since_last_purchase   "
"1","  1.04"
"1","  1"
"1","            1.02"
"1","
num_previous_purchases     "
"1","  1.03"
"1","  1"
"1","            1.02"
"1","
online_share               "
"1","  1.36"
"1","  1"
"1","            1.17"
"1","
budget_utilization         "
"1","  1.31"
"1","  1"
"1","            1.15"
"1","
purchase_frequency         "
"1","  1.09"
"1","  1"
"1","            1.05"
"1","
region                     "
"1","  1.00"
"1","  6"
"1","            1.00"
"1","
product_category           "
"1","  1.00"
"1","  4"
"1","            1.00"
"1","
season                     "
"1","  1.02"
"1","  3"
"1","            1.00"
"1","
customer_segment           "
"1","  1.00"
"1","  3"
"1","            1.00"
"1","
sales_channel              "
"1","  1.00"
"1","  4"
"1","            1.00"
"1","
"
