"0","lr_preds = predict(lr_model, newdata = test_set_processed)"
"0","actuals  = test_set_processed$log_revenue"
"0",""
"0","# Izračunavanje metrika"
"0","lr_mae  = mean(abs(actuals - lr_preds))"
"0","lr_rmse = sqrt(mean((actuals - lr_preds)^2))"
"0",""
"0","ss_res = sum((actuals - lr_preds)^2)"
"0","ss_tot = sum((actuals - mean(actuals))^2)"
"0","lr_r2  = 1 - (ss_res / ss_tot)"
"0",""
"0","# Uporedna tabela performansi"
"0","lr_results_table = data.frame("
"0","  Model = c(""Baseline (Mean Prediction)"", ""Linear Regression""),"
"0","  R_squared = round(c(baseline_r2, lr_r2), 4),"
"0","  MAE = round(c(baseline_mae, lr_mae), 4),"
"0","  RMSE = round(c(baseline_rmse, lr_rmse), 4)"
"0",")"
"0",""
"0","knitr::kable(lr_results_table, caption = ""Poređenje performansi Baseline modela i Linearne regresije"")"
