"0",""
"0","# Izračunavanje srednje vrednosti i standardne devijacije ISKLJUČIVO na trening setu"
"0",""
"0","train_means = sapply(train_set[, numeric_features, drop=FALSE], mean, na.rm = TRUE)"
"0","train_sds   = sapply(train_set[, numeric_features, drop=FALSE], sd, na.rm = TRUE)"
"0",""
"0","# Funkcija za primenu skaliranja"
"0","scale_features = function(df, features, means, sds) {"
"0","  df_scaled = df"
"0","  for(col in features) {"
"0","    if(sds[col] > 0) {"
"0","      df_scaled[[col]] = (df[[col]] - means[col]) / sds[col]"
"0","    }"
"0","  }"
"0","  return(df_scaled)"
"0","}"
"0",""
"0","train_set_processed = scale_features(train_set, numeric_features, train_means, train_sds)"
"0","test_set_processed  = scale_features(test_set, numeric_features, train_means, train_sds)"
