"0","# Izračunavanje značajnosti varijabli za caret train model"
"0","importance_scores = varImp(rf_model, scale = FALSE)"
"0",""
"0","# Pretvaranje u data frame"
"0","rf_imp_df = data.frame("
"0","  Variable = rownames(importance_scores$importance),"
"0","  Importance = importance_scores$importance[, 1]"
"0",")"
"0",""
"0","# Sortiranje u opadajućem redosledu"
"0","rf_imp_df = rf_imp_df[order(-rf_imp_df$Importance), ]"
"0",""
"0","# Vizuelizacija top 10 najvažnijih varijabli"
"0","ggplot(head(rf_imp_df, 10), aes(x = reorder(Variable, Importance), y = Importance)) +"
"0","  geom_col(fill = ""steelblue"") +"
"0","  coord_flip() +"
"0","  labs(title = ""Top 10 najvažnijih varijabli (Random Forest)"","
"0","       x = ""Varijable"","
"0","       y = ""Značajnost"") +"
"0","  theme_minimal() +"
"0","  theme(plot.title = element_text(hjust = 0.5, face = ""bold"", size = 11))"
