"0","numeric_features = selected_features[sapply(dataset_clean[selected_features], is.numeric)]"
"0",""
"0",""
"0","spearman_corrs = sapply(numeric_features, function(feat) {"
"0","  "
"0","  if(sd(dataset_clean[[feat]], na.rm = TRUE) == 0) {"
"0","    return(NA)"
"0","  }"
"0","  cor(dataset_clean[[feat]], dataset_clean$log_revenue, method = ""spearman"", use = ""complete.obs"")"
"0","})"
"0",""
"0",""
"0","spearman_ranking = data.frame("
"0","  Feature = names(spearman_corrs),"
"0","  Spearman_Rho = round(spearman_corrs, 4),"
"0","  Abs_Correlation = round(abs(spearman_corrs), 4)"
"0",")"
"0",""
"0","spearman_ranking = na.omit(spearman_ranking)"
"0",""
"0",""
"0","spearman_ranking = spearman_ranking[order(-spearman_ranking$Abs_Correlation), ]"
"0","rownames(spearman_ranking) = NULL"
"0",""
"0","print(spearman_ranking)"
