"0","numeric_cols_for_corr = dataset_clean %>%"
"0","  select("
"0","    sales_revenue_usd, marketing_budget_usd, ad_spend_online_usd, "
"0","    ad_spend_offline_usd, num_promotions, discount_percentage, "
"0","    num_sales_representatives, customer_age, customer_satisfaction_score, "
"0","    competitor_price_index, website_traffic, conversion_rate, "
"0","    email_open_rate, social_media_followers, days_since_last_purchase, "
"0","    num_previous_purchases, total_ad_spend, online_share, "
"0","    budget_utilization, unspent_budget, spend_per_rep, "
"0","    spend_per_promotion, budget_per_traffic, purchase_frequency, "
"0","    traffic_per_follower"
"0","  )"
"0",""
"0",""
"0","spearman_matrix = cor(numeric_cols_for_corr, method = ""spearman"", use = ""complete.obs"")"
"0",""
"0","revenue_correlations = sort(spearman_matrix[""sales_revenue_usd"", ], decreasing = TRUE)"
"0","print(""Spearman-ove korelacije sa ciljnom promenljivom (sales_revenue_usd):"")"
"1","[1]"
"1"," ""Spearman-ove korelacije sa ciljnom promenljivom (sales_revenue_usd):"""
"1","
"
"0","print(round(revenue_correlations, 3))"
"1","          sales_revenue_usd "
"1","       marketing_budget_usd "
"1","             total_ad_spend "
"1","
"
"1","                      1.000 "
"1","                      0.517 "
"1","                      0.511 "
"1","
"
"1","        ad_spend_online_usd "
"1","       ad_spend_offline_usd "
"1","             unspent_budget "
"1","
"
"1","                      0.505 "
"1","                      0.492 "
"1","                      0.468 "
"1","
"
"1","              spend_per_rep "
"1","        spend_per_promotion "
"1","         budget_per_traffic "
"1","
"
"1","                      0.423 "
"1","                      0.392 "
"1","                      0.309 "
"1","
"
"1","     num_previous_purchases "
"1","customer_satisfaction_score "
"1","            conversion_rate "
"1","
"
"1","                      0.092 "
"1","                      0.070 "
"1","                      0.070 "
"1","
"
"1","             num_promotions "
"1","         budget_utilization "
"1","            website_traffic "
"1","
"
"1","                      0.061 "
"1","                      0.019 "
"1","                      0.014 "
"1","
"
"1","               online_share "
"1","       traffic_per_follower "
"1","               customer_age "
"1","
"
"1","                      0.011 "
"1","                      0.010 "
"1","                      0.007 "
"1","
"
"1","            email_open_rate "
"1","     social_media_followers "
"1","  num_sales_representatives "
"1","
"
"1","                      0.005 "
"1","                     -0.003 "
"1","                     -0.008 "
"1","
"
"1","         purchase_frequency "
"1","   days_since_last_purchase "
"1","     competitor_price_index "
"1","
"
"1","                     -0.008 "
"1","                     -0.014 "
"1","                     -0.025 "
"1","
"
"1","        discount_percentage "
"1","
"
"1","                     -0.045 "
"1","
"
