"0","# Predikcije na test setu"
"0","tree_preds = predict(tree_model, newdata = test_set_processed)"
"0",""
"0","# Izračunavanje metrika za stablo"
"0","tree_m = calc_metrics(y_test, tree_preds)"
"0",""
"0","# Uporedna tabela svih modela do sada"
"0","all_models_comparison = data.frame("
"0","  Model = c(""Baseline (Mean Prediction)"", ""Linear Regression"", ""Ridge Regression"", ""Lasso Regression"", ""Decision Tree""),"
"0","  R_squared = round(c(baseline_r2, lr_r2, ridge_m[""R_squared""], lasso_m[""R_squared""], tree_m[""R_squared""]), 4),"
"0","  MAE = round(c(baseline_mae, lr_mae, ridge_m[""MAE""], lasso_m[""MAE""], tree_m[""MAE""]), 4),"
"0","  RMSE = round(c(baseline_rmse, lr_rmse, ridge_m[""RMSE""], lasso_m[""RMSE""], tree_m[""RMSE""]), 4)"
"0",")"
"0",""
"0","knitr::kable(all_models_comparison, caption = ""Poređenje performansi svih modela na test setu (uključujući Stablo odlučivanja)"")"
