"0","# Uklanjamo identifikatore i ne-numeričke atribute koji nisu pogodni za PMM"
"0","mice_data = dataset %>%"
"0","  select("
"0","    -id,"
"0","    -date"
"0","  )"
"0","set.seed(123)"
"0","mice_model = mice("
"0","  mice_data,"
"0","  m = 5,"
"0","  method = ""pmm"","
"0","  maxit = 5,"
"0","  printFlag = FALSE,"
"0","  seed = 123"
"0",")"
"2","Warning:"
"2"," Number of logged events: 5
"
"0","#data set bez missing values"
"0","dataset_clean=complete(mice_model, 1)"
"0",""
"0","#vracanje id i date"
"0","dataset_clean$id = dataset$id"
"0","dataset_clean$date = dataset$date"
"0",""
"0","#Reorganizacija kolona da budu u originalnom redosledu"
"0","dataset_clean = dataset_clean %>%"
"0","  select(colnames(dataset))"
"0",""
"0","#Provera: Potvrda da nema preostalih NA vrednosti"
"0","colSums(is.na(dataset_clean))"
"1","                         id "
"1","                       date "
"1","                     region "
"1","
"
"1","                          0 "
"1","                          0 "
"1","                          0 "
"1","
"
"1","              sales_channel "
"1","           product_category "
"1","           customer_segment "
"1","
"
"1","                          0 "
"1","                          0 "
"1","                          0 "
"1","
"
"1","                     season "
"1","       marketing_budget_usd "
"1","        ad_spend_online_usd "
"1","
"
"1","                          0 "
"1","                          0 "
"1","                          0 "
"1","
"
"1","       ad_spend_offline_usd "
"1","             num_promotions "
"1","        discount_percentage "
"1","
"
"1","                          0 "
"1","                          0 "
"1","                          0 "
"1","
"
"1","  num_sales_representatives "
"1","               customer_age "
"1","customer_satisfaction_score "
"1","
"
"1","                          0 "
"1","                          0 "
"1","                          0 "
"1","
"
"1","     competitor_price_index "
"1","            website_traffic "
"1","            conversion_rate "
"1","
"
"1","                          0 "
"1","                          0 "
"1","                          0 "
"1","
"
"1","            email_open_rate "
"1","     social_media_followers "
"1","   days_since_last_purchase "
"1","
"
"1","                          0 "
"1","                          0 "
"1","                          0 "
"1","
"
"1","     num_previous_purchases "
"1","          sales_revenue_usd "
"1","
"
"1","                          0 "
"1","                          0 "
"1","
"
