"0","# Generisanje predikcija i reziduala na test setu za linearnu regresiju"
"0",""
"0","test_preds = predict(lr_model, newdata = test_set_processed)"
"0","test_residuals = test_set_processed$log_revenue - test_preds"
"0",""
"0","res_df = data.frame("
"0","  Actual = test_set_processed$log_revenue,"
"0","  Predicted = test_preds,"
"0","  Residuals = test_residuals"
"0",")"
"0",""
"0",""
"0","# Grafikon: Residuals vs Predicted"
"0","ggplot(res_df, aes(x = Predicted, y = Residuals)) +"
"0","  geom_point(alpha = 0.5, color = ""steelblue"") +"
"0","  geom_hline(yintercept = 0, linetype = ""dashed"", color = ""red"") +"
"0","  geom_smooth(method = ""loess"", se = FALSE, color = ""darkorange"") +"
"0","  labs(title = ""Residuals vs Predicted na test setu"", "
"0","       x = ""Prediktovane vrednosti (log_revenue)"", "
"0","       y = ""Reziduali (Stvarno - Predikcija)"") +"
"0","  theme_minimal() +"
"0","  theme(plot.title = element_text(hjust = 0.5, face = ""bold"", size = 11))"
"1","[38;5;232m`geom_smooth()` using formula = 'y ~ x'[39m
"
