"0","categorical_features = selected_features[sapply(dataset_clean[selected_features], function(x) is.factor(x) || is.character(x))]"
"0",""
"0",""
"0","calculate_eta_sq = function(feat, target, data) {"
"0","  aov_model = aov(data[[target]] ~ as.factor(data[[feat]]))"
"0","  summary_aov = summary(aov_model)[[1]]"
"0","  ss_effect = summary_aov[""Sum Sq""][1, 1]"
"0","  ss_total = sum(summary_aov[""Sum Sq""])"
"0","  return(ss_effect / ss_total)"
"0","}"
"0",""
"0",""
"0","effect_sizes = sapply(categorical_features, function(feat) {"
"0","  calculate_eta_sq(feat, ""log_revenue"", dataset_clean)"
"0","})"
"0",""
"0",""
"0","categorical_ranking = data.frame("
"0","  Feature = names(effect_sizes),"
"0","  Eta_Squared = round(effect_sizes, 4)"
"0",")"
"0",""
"0","categorical_ranking = categorical_ranking[order(-categorical_ranking$Eta_Squared), ]"
"0","rownames(categorical_ranking) = NULL"
"0",""
"0",""
"0","print(categorical_ranking)"
