"0","print(paste(""Dimenzije obrađenog trening seta:"", nrow(train_set_processed), ""redova,"", ncol(train_set_processed), ""kolona""))"
"1","[1]"
"1"," ""Dimenzije obrađenog trening seta: 48000 redova, 10 kolona"""
"1","
"
"0","print(paste(""Dimenzije obrađenog test seta:"", nrow(test_set_processed), ""redova,"", ncol(test_set_processed), ""kolona""))"
"1","[1]"
"1"," ""Dimenzije obrađenog test seta: 12000 redova, 10 kolona"""
"1","
"
"0","print(""Preprocessing Pipeline je uspešno završen spreman za treniranje modela."")"
"1","[1]"
"1"," ""Preprocessing Pipeline je uspešno završen spreman za treniranje modela."""
"1","
"
