"0","rf_preds = predict(rf_model, newdata = test_set_processed)"
"0",""
"0","# Izračunavanje metrika za Random Forest"
"0","rf_m = calc_metrics(y_test, rf_preds)"
"0",""
"0","# Proširena uporedna tabela svih modela"
"0","all_models_comparison_rf = data.frame("
"0","  Model = c(""Baseline"", ""Linear Regression"", ""Ridge"", ""Lasso"", ""Decision Tree"", ""Random Forest""),"
"0","  R_squared = round(c(baseline_r2, lr_r2, ridge_m[""R_squared""], lasso_m[""R_squared""], tree_m[""R_squared""], rf_m[""R_squared""]), 4),"
"0","  MAE = round(c(baseline_mae, lr_mae, ridge_m[""MAE""], lasso_m[""MAE""], tree_m[""MAE""], rf_m[""MAE""]), 4),"
"0","  RMSE = round(c(baseline_rmse, lr_rmse, ridge_m[""RMSE""], lasso_m[""RMSE""], tree_m[""RMSE""], rf_m[""RMSE""]), 4)"
"0"," "
"0",")"
"0",""
"0","knitr::kable(all_models_comparison_rf, caption = ""Poređenje performansi svih modela uključujući Random Forest"")"
