"0","knitr::opts_chunk$set(echo = TRUE)"
"0","library(mice)"
"2","
Attaching package: ‘mice’

"
"2","The following object is masked from ‘package:stats’:

    filter

"
"2","The following objects are masked from ‘package:base’:

    cbind, rbind

"
"0","library(tidyverse)"
"1","-- [1mAttaching core tidyverse packages[22m ----------------------------- tidyverse 2.0.0 --
[32mv[39m [34mdplyr    [39m 1.1.2     [32mv[39m [34mreadr    [39m 2.1.4
[32mv[39m [34mforcats  [39m 1.0.0     [32mv[39m [34mstringr  [39m 1.5.0
[32mv[39m [34mggplot2  [39m 3.4.2     [32mv[39m [34mtibble   [39m 3.2.1
[32mv[39m [34mlubridate[39m 1.9.2     [32mv[39m [34mtidyr    [39m 1.3.0
[32mv[39m [34mpurrr    [39m 1.0.1     
"
"1","-- [1mConflicts[22m ----------------------------------------------- tidyverse_conflicts() --
[31mx[39m [34mdplyr[39m::[32mfilter()[39m masks [34mmice[39m::filter(), [34mstats[39m::filter()
[31mx[39m [34mdplyr[39m::[32mlag()[39m    masks [34mstats[39m::lag()
[36mi[39m Use the conflicted package ([3m[34m<http://conflicted.r-lib.org/>[39m[23m) to force all conflicts to become errors
"
"0","library(knitr)"
"0","library(lmtest)"
"2","Loading required package: zoo
"
"2","
Attaching package: ‘zoo’

"
"2","The following objects are masked from ‘package:base’:

    as.Date, as.Date.numeric

"
"0","library(car)"
"2","Loading required package: carData
"
"2","
Attaching package: ‘car’

"
"2","The following object is masked from ‘package:dplyr’:

    recode

"
"2","The following object is masked from ‘package:purrr’:

    some

"
"0","library(randomForest)"
"2","randomForest 4.7-1.1
"
"2","Type rfNews() to see new features/changes/bug fixes.
"
"2","
Attaching package: ‘randomForest’

"
"2","The following object is masked from ‘package:dplyr’:

    combine

"
"2","The following object is masked from ‘package:ggplot2’:

    margin

"
"0","library(glmnet)"
"2","Loading required package: Matrix
"
"2","
Attaching package: ‘Matrix’

"
"2","The following objects are masked from ‘package:tidyr’:

    expand, pack, unpack

"
"2","Loaded glmnet 4.1-7
"
"0","library(caret)"
"2","Loading required package: lattice
"
"2","Registered S3 method overwritten by 'data.table':
  method           from
  print.data.table     
"
"2","
Attaching package: ‘caret’

"
"2","The following object is masked from ‘package:purrr’:

    lift

"
"0","library(rpart)"
"0","library(rpart.plot)"
"0","library(vip)"
"2","
Attaching package: ‘vip’

"
"2","The following object is masked from ‘package:utils’:

    vi

"
