"0","revenue_corr_df = data.frame("
"0","  Feature = names(revenue_correlations),"
"0","  Correlation = as.numeric(revenue_correlations)"
"0",") %>%"
"0","  filter(Feature != ""sales_revenue_usd"") # Uklanjamo samopovezivanje (1.0)"
"0",""
"0","ggplot(revenue_corr_df, aes(x = reorder(Feature, Correlation), y = Correlation, fill = Correlation > 0)) +"
"0","  geom_col(alpha = 0.85, color = ""#2C3E50"") +"
"0","  coord_flip() +"
"0","  scale_fill_manual(values = c(""#E74C3C"", ""#3498DB""), guide = ""none"") +"
"0","  theme_minimal() +"
"0","  labs(title = ""Spearman-ova korelacija feature-a sa prihodom (sales_revenue_usd)"","
"0","       x = ""Obeležje"","
"0","       y = ""Koeficijent korelacije"") +"
"0","  theme(plot.title = element_text(hjust = 0.5, face = ""bold"", size = 11),"
"0","        axis.text.y = element_text(size = 9))"
